{"accuracy": 0.7581699346405228, "specificity": 0.9466666666666667, "sensitivity": 0.2345679012345679}