{"accuracy": 0.738562091503268, "specificity": 1.0, "sensitivity": 0.012345679012345678}