{"accuracy": 0.761437908496732, "specificity": 0.9466666666666667, "sensitivity": 0.24691358024691357}